{
  "TodoList": [
	{
	  "date": "2020.12.02",
	  "dateTodo": "치과가기치과가기치과가기치과가기",
	  "holiyday": ""
	},
	{
	  "date": "2020.12.21",
	  "dateTodo": "핸드폰수리",
	  "holiyday": ""
	},
	{
	  "date": "2020.12.25",
	  "dateTodo": "크리스마스",
	  "holiyday": "holiyday"
	},
	{
	  "date": "2021.01.01",
	  "dateTodo": "새해 첫날",
	  "holiyday": "holiyday"
	},
	{
	  "date": "2021.02.11",
	  "dateTodo": "설날 연휴",
	  "holiyday": "holiyday"
	},
	{
	  "date": "2021.02.12",
	  "dateTodo": "설날",
	  "holiyday": "holiyday"
	},
	{
	  "date": "2021.02.13",
	  "dateTodo": "설날 연휴",
	  "holiyday": "holiyday"
	},
	{
	  "date": "2021.03.01",
	  "dateTodo": "삼일절",
	  "holiyday": "holiyday"
	}
  ]
}